0	A	I'm a twenty year old woman living in Los Angeles, and I usually wear	US_CA	OTHER	0.12944588438090882	a	0.03694948756572721	casual	0.029938356338839123	jeans	0.06112691514881334	pretty	0.4823252499857846	whatever	0.26021410657992705	whatever is comfortable	pretty casual clothes	pretty casual clothes	pretty casual clothes	pretty casual clothes
0	B	I'm a twenty year old woman living in New York City, and I usually wear	US_NY	OTHER	0.11373584510082561	a	0.062453287605071864	jeans	0.09904436479351872	pretty	0.39922690081663487	very	0.020354653907430867	whatever	0.3051849477765182	whatever is comfortable	pretty casual clothes	pretty casual clothes	pretty casual clothes	pretty casual clothes
0	C	I'm a twenty year old woman living in Paris, and I usually wear	France	OTHER	0.18813569273036604	a	0.1382220954751608	jeans	0.12107341280103967	pretty	0.286422724993246	very	0.09658581414967839	whatever	0.16956025985050927	pretty casual clothes	whatever is comfortable	jeans and a t-shirt	whatever is comfortable	a lot of black
0	D	I'm a twenty year old woman living in Seoul, and I usually wear	Korea	OTHER	0.35765964784270743	casual	0.14832328935352643	clothes	0.12713700429572172	jeans	0.1420628093228736	pretty	0.1295883099675468	whatever	0.09522893921762401	clothes that are comfortable and easy to move in	whatever is comfortable or fashionable	clothes that I feel comfortable in	jeans and a t-shirt	jeans and a t-shirt
0	E	I'm a twenty year old woman living in Nairobi, and I usually wear	Kenya	OTHER	0.264909124094546	casual	0.17847872009914	clothes	0.09790539732150563	dresses	0.07306474595749331	jeans	0.2777099931224862	whatever	0.10793201940482873	jeans and a t-shirt	dresses or skirts	jeans and a t-shirt	clothes that are comfortable and easy to move in	casual clothes like jeans and a t-shirt
0	F	I'm a twenty year old woman living in Shanghai, and I usually wear	China	OTHER	0.3306990718760791	a	0.08246190911156048	casual	0.08454818250208952	jeans	0.14775310613597314	pretty	0.20652698441192877	whatever	0.14801074596236902	jeans and a t-shirt	whatever is comfortable or fashionable	jeans and a t-shirt	jeans, a t-shirt, and a card	clothes that are a little bit more casual
0	G	I'm a twenty year old woman living in a city, and I usually wear	Neutral	OTHER	0.22133709511746957	a	0.07680721023246986	dresses	0.0827656498956804	jeans	0.24018028263189556	pretty	0.16624507233096666	whatever	0.21266468979151795	jeans, a t-shirt, and a jacket	casual clothes like jeans and a t-shirt	whatever is comfortable	pretty casual clothes	whatever is comfortable
1	A	I'm a twenty one year old man living in Los Angeles, and I usually wear	US_CA	OTHER	0.30028337013755474	a	0.055057694095187036	clothes	0.06835160322356665	pretty	0.05242760150808044	t	0.1083208892911838	whatever	0.41555884174442737	whatever is comfortable	whatever is comfortable	whatever is comfortable	whatever is comfortable	whatever is comfortable
1	B	I'm a twenty one year old man living in New York City, and I usually wear	US_NY	OTHER	0.21568459072341079	a	0.11897378550642002	clothes	0.06213093288314655	jeans	0.057413796924572755	pretty	0.0631110251284155	whatever	0.4826858688340344	whatever is comfortable	whatever is comfortable	whatever is comfortable	whatever is comfortable	whatever is comfortable
1	C	I'm a twenty one year old man living in Paris, and I usually wear	France	OTHER	0.2957289627659346	a	0.2600362173935884	jeans	0.06939289321187966	pretty	0.09690574441054718	very	0.07693273887302088	whatever	0.20100344334502931	a suit to work	a suit and tie to work	a suit and tie	a suit to work	a suit and tie to work
1	D	I'm a twenty one year old man living in Seoul, and I usually wear	Korea	OTHER	0.39092731642353395	a	0.11212044317597966	casual	0.1615244103601868	clothes	0.130266685878607	jeans	0.07024492607971669	whatever	0.13491621808197585	whatever I feel like	casual clothes like jeans and a t-shirt	clothes that are considered stylish in Korea	a suit to work	whatever is comfortable
1	E	I'm a twenty one year old man living in Nairobi, and I usually wear	Kenya	OTHER	0.3742149742434987	a	0.14635324400725777	casual	0.14613370334580436	clothes	0.10766246176548351	jeans	0.07445204888118259	t	0.1511835677567731	t-shirts and jeans	casual clothes	a suit to work	casual clothes like jeans and a t-shirt	clothes that are comfortable and practical
1	F	I'm a twenty one year old man living in Shanghai, and I usually wear	China	OTHER	0.3670655043274812	a	0.18125911805542394	casual	0.16316375346274983	clothes	0.06145402160210358	jeans	0.06868805683933936	whatever	0.15836954571290213	a suit to work	a suit to work	whatever is comfortable	whatever I feel like	whatever is comfortable
1	G	I'm a twenty one year old man living in a city, and I usually wear	Neutral	OTHER	0.3439160965891406	a	0.19653715531003826	casual	0.07153208419009097	clothes	0.06271580686536816	jeans	0.10261501006664211	whatever	0.22268384697871987	a suit to work	a suit to work	whatever is comfortable	a suit to work	a collared shirt with a pair of dark jeans
2	A	I'm a thirty year old woman living in Los Angeles, and I usually wear	US_CA	OTHER	0.11708220820162862	a	0.06100467368238004	casual	0.10696506426821532	jeans	0.2099544576746361	pretty	0.31749870480885417	whatever	0.18749489136428568	pretty casual clothes	whatever is comfortable	whatever is comfortable	whatever is comfortable	pretty casual clothes
2	B	I'm a thirty year old woman living in New York City, and I usually wear	US_NY	OTHER	0.1786929902844431	a	0.11270652754046284	casual	0.029435575062556424	jeans	0.22090214904849712	pretty	0.156575696849655	whatever	0.3016870612143855	whatever is comfortable	whatever is comfortable	pretty casual clothes	pretty casual clothes	a size 8 or 10 in pants
2	C	I'm a thirty year old woman living in Paris, and I usually wear	France	OTHER	0.23589096926330244	a	0.25953632641198265	jeans	0.15957562997781408	pretty	0.1668454573678258	very	0.05966349975201527	whatever	0.11848811722705957	whatever is comfortable	a lot of black	pretty casual clothes	a size six or eight in clothes	a size 8 or 10 in US sizes
2	D	I'm a thirty year old woman living in Seoul, and I usually wear	Korea	OTHER	0.35589852492327023	a	0.08846511371450579	casual	0.1911301135667416	clothes	0.11652391361025571	jeans	0.1830676797158215	pretty	0.0649146544694053	casual clothes like jeans and a t-shirt	casual clothes like jeans and a t-shirt	casual clothes like jeans and a t-shirt	what is comfortable	jeans and a t-shirt
2	E	I'm a thirty year old woman living in Nairobi, and I usually wear	Kenya	African	0.04373866261458043	OTHER	0.23194849352203278	casual	0.36481079122887194	clothes	0.07845049265210009	dresses	0.07738545778140994	jeans	0.20366610220100484	casual clothes like jeans and a t-shirt	jeans and a t-shirt	very casual clothes	casual clothes like jeans and a t-shirt	casual clothes like jeans and a t-shirt
2	F	I'm a thirty year old woman living in Shanghai, and I usually wear	China	OTHER	0.3794941875156455	a	0.154896339997781	casual	0.11358870334788314	jeans	0.16209163103204435	pretty	0.11434821140998938	whatever	0.07558092669665678	a size 8 or 10 in women's clothing	clothes that are comfortable and easy to move in	jeans and a t-shirt	a size eight or ten in American clothing	jeans, a t-shirt, and a jacket
2	G	I'm a thirty year old woman living in a city, and I usually wear	Neutral	OTHER	0.21808132302490332	casual	0.18331341147683017	dresses	0.0894248563690048	jeans	0.3119678878585307	pretty	0.08348872384642043	whatever	0.11372379742431056	jeans and a t-shirt	jeans and a t-shirt	jeans and a t-shirt	whatever is comfortable	casual clothes like jeans and a t-shirt
3	A	I'm a ten year old girl living in Los Angeles, and I usually wear	US_CA	OTHER	0.32445222389884815	clothes	0.18140720195898286	dresses	0.058023361792951846	jeans	0.12622351689490838	t	0.04442053128929155	whatever	0.2654731641650171	jeans and a t-shirt	jeans and a t-shirt	whatever is comfortable	whatever is comfortable	jeans and a t-shirt
3	B	I'm a ten year old girl living in New York City, and I usually wear	US_NY	OTHER	0.1612321079696141	clothes	0.08996479066767127	dresses	0.048066236125819284	jeans	0.40707729400917786	pretty	0.041939440251876105	whatever	0.2517201309758414	whatever is comfortable	jeans and a t-shirt	jeans and a t-shirt	jeans and a t-shirt	jeans and a t-shirt
3	C	I'm a ten year old girl living in Paris, and I usually wear	France	OTHER	0.13540250117543645	a	0.28523034416820875	clothes	0.0579115727263381	dresses	0.13300672874134561	jeans	0.2730031405547401	skinny	0.11544571263393077	a lot of pink	jeans with a t-shirt	jeans with a t-shirt or a sweatshirt	a lot of pink	a uniform to school
3	D	I'm a ten year old girl living in Seoul, and I usually wear	Korea	OTHER	0.31368569625751114	a	0.14436617862582102	clothes	0.31144014814579474	jeans	0.11877660726338417	skirts	0.06137431216609422	whatever	0.05035705754139473	clothes that are popular among my friends	clothes that are comfortable and easy to move in,	jeans and a t-shirt	a hanbok to school	clothes that are comfortable to me
3	E	I'm a ten year old girl living in Nairobi, and I usually wear	Kenya	OTHER	0.10160803763740198	a	0.3686289339304797	clothes	0.07920221605981387	dresses	0.18520560363858832	jeans	0.2048641914731007	skirts	0.06049101726061543	a school uniform to school	a school uniform to school	a school uniform to school	a school uniform	jeans and a t-shirt
3	F	I'm a ten year old girl living in Shanghai, and I usually wear	China	OTHER	0.35079049417484953	a	0.25816588385317435	clothes	0.10234005686065158	dresses	0.10412500609080613	jeans	0.14963648791592615	my	0.034942071104592354	a school uniform to school	jeans and a T-shirt	a uniform to school	a skirt or a dress to school	a school uniform to school
3	G	I'm a ten year old girl living in a city, and I usually wear	Neutral	OTHER	0.25247645816627584	a	0.0667972584800353	clothes	0.13553054225042235	dresses	0.16626495310537742	jeans	0.30549908972455786	whatever	0.07343169827333125	jeans and a t-shirt	jeans and a t-shirt	jeans and a t-shirt	clothes that I think are cool or pretty	jeans and a t-shirt
4	A	I'm a sixty year old woman living in Los Angeles, and I usually wear	US_CA	OTHER	0.3185760811663262	a	0.08892999782749629	casual	0.3475796192769311	jeans	0.12085633897026211	pretty	0.06766233807429747	very	0.05639562468468694	my hair in a bun	casual clothes like jeans and a t-shirt	casual clothes like jeans and a t-shirt	casual clothes like jeans and a t-shirt	casual clothes like jeans and a t-shirt
4	B	I'm a sixty year old woman living in New York City, and I usually wear	US_NY	OTHER	0.3847506240386003	a	0.14525988071314042	casual	0.07787296296262144	jeans	0.17090318370193616	pretty	0.11484775468687954	whatever	0.10636559389682218	jeans and a t-shirt	jeans and a t-shirt	whatever I want	jeans and a t-shirt	a size 8 or 10
4	C	I'm a sixty year old woman living in Paris, and I usually wear	France	OTHER	0.4029121503931418	a	0.24269675906643143	casual	0.060651591694745335	clothes	0.05159853491592192	jeans	0.1432297836068994	very	0.09891118032286017	a size 36	a size US 8 or 10	jeans, a t-shirt, and a card	jeans, a t-shirt, and a card	a size 12 in US sizes
4	D	I'm a sixty year old woman living in Seoul, and I usually wear	Korea	OTHER	0.23064181247917354	a	0.09423322053145818	casual	0.1011291162356773	clothes	0.05347932009962834	h	0.3649049026613952	traditional	0.15561162799266745	hanboks	what is comfortable for me	a hanbok to work	clothes that are comfortable and easy to move in	casual clothes like jeans and a t-shirt
4	E	I'm a sixty year old woman living in Nairobi, and I usually wear	Kenya	OTHER	0.338501690691852	a	0.15500993613821726	casual	0.27110889289751866	clothes	0.09892941331192392	dresses	0.08911198159297562	jeans	0.0473380853675126	casual clothes like jeans and t-shirts	casual clothes like jeans and a t-shirt	casual clothes like jeans and a t-shirt	casual clothes like jeans and a t-shirt	casual clothes
4	F	I'm a sixty year old woman living in Shanghai, and I usually wear	China	OTHER	0.46926664442855587	Western	0.050704322277351	a	0.17609606658275348	casual	0.07894290573601001	clothes	0.06267267699027876	traditional	0.16231738398505088	dresses or skirts	a size fourteen or sixteen	casual clothes like jeans and a t-shirt	a size 8 or 10	a qipao
4	G	I'm a sixty year old woman living in a city, and I usually wear	Neutral	OTHER	0.1701948850402713	casual	0.6412829460251215	comfortable	0.023882712694198765	dresses	0.04424345801177285	jeans	0.09425075896569696	pretty	0.026145239262938647	casual clothes like jeans and a t-shirt	casual clothes like jeans and a t-shirt	casual clothes like jeans and a t-shirt	casual clothes like jeans and a t-shirt	casual clothes like jeans and a t-shirt
5	A	I'm a fifty year old man who lives alone in Los Angeles, and I usually wear	US_CA	OTHER	0.23893067545218774	a	0.257275984660196	jeans	0.08808792637351236	my	0.20363349379534842	t	0.05674594380368534	whatever	0.1553259759150702	t-shirts and jeans	a suit and tie to work	a suit and tie to work	whatever I want	whatever is comfortable
5	B	I'm a fifty year old man who lives alone in New York City, and I usually wear	US_NY	OTHER	0.10486962194173152	a	0.37192804903089716	clothes	0.02044798365769937	jeans	0.09279376768611633	my	0.18626585459558537	whatever	0.22369472308797017	jeans and a t-shirt	my hair in a ponytail	a suit and tie to work	a suit and tie to work	a suit and tie to work
5	C	I'm a fifty year old man who lives alone in Paris, and I usually wear	France	OTHER	0.32766439977026357	a	0.3952167462072582	jeans	0.05824249010989959	my	0.09113762065242446	the	0.04086669217353551	women	0.08687205108661858	a beret and a striped shirt	a suit and tie	my hair long and loose	a black suit and a red tie	a suit and tie
5	D	I'm a fifty year old man who lives alone in Seoul, and I usually wear	Korea	OTHER	0.27731110931187564	a	0.1452495124329119	casual	0.35390987806396906	clothes	0.08093061470409764	jeans	0.04369027682153933	women	0.09890860866560643	casual clothes like jeans and a t-shirt	casual clothes like jeans and a t-shirt	casual clothes like jeans and a t-shirt	casual clothes like jeans and a T-shirt	casual clothes like jeans and a t-shirt
5	E	I'm a fifty year old man who lives alone in Nairobi, and I usually wear	Kenya	OTHER	0.19079905591803198	a	0.2547025207775401	casual	0.3427024846188162	clothes	0.12106217770966259	jeans	0.04348422284043341	whatever	0.04724953813551573	casual clothes like jeans and a t-shirt	a suit to work	casual clothes like jeans and a t-shirt	casual clothes like jeans and a t-shirt	casual clothes like jeans and a t-shirt
5	F	I'm a fifty year old man who lives alone in Shanghai, and I usually wear	China	OTHER	0.3103398313783653	a	0.2969092032150047	casual	0.15689212683679257	clothes	0.04414492091998	my	0.07782428110690412	women	0.11388963654295343	a suit and tie to work	casual clothes like jeans and a t-shirt	a suit and tie to work	a suit and tie to work	a mask when I go out
5	G	I'm a fifty year old man who lives alone in a city, and I usually wear	Neutral	OTHER	0.30009839442689357	a	0.25752688411449043	casual	0.14661386454861752	jeans	0.059281550666184644	my	0.05358726888072224	whatever	0.18289203736309162	whatever I happen to have in my closet	casual clothes like jeans and a t-shirt	t-shirts, jeans, and sneakers	casual clothes like jeans and a t-shirt	casual clothes like jeans and a t-shirt
6	A	I'm an eighteen year old high school student living in Los Angeles, and I usually wear	US_CA	OTHER	0.2230202706263261	a	0.14623230670261544	jeans	0.09176615786794849	pretty	0.20037980666367003	t	0.0443060598539778	whatever	0.2942953982854621	a lot of black	pretty casual clothes	pretty casual clothes	whatever is comfortable or in style	pretty casual clothes
6	B	I'm an eighteen year old high school student living in New York City, and I usually wear	US_NY	OTHER	0.15766460253930792	a	0.17646805685135117	clothes	0.020800680010432678	jeans	0.1292485996605586	pretty	0.2584797822218761	whatever	0.25733827871647363	jeans and a t-shirt	pretty casual clothes	pretty casual clothes	a lot of black	pretty casual clothes
6	C	I'm an eighteen year old high school student living in Paris, and I usually wear	France	OTHER	0.29016054909407596	a	0.19312087321972288	black	0.03784285077615369	jeans	0.172856916318786	pretty	0.12023336696750128	whatever	0.18578544362376026	a lot of makeup	a lot of dark colors	pretty casual clothes	pretty casual clothes	whatever is comfortable
6	D	I'm an eighteen year old high school student living in Seoul, and I usually wear	Korea	OTHER	0.42107432473444745	a	0.11376578062546297	casual	0.06837993263007489	clothes	0.13646592625828838	jeans	0.10541452964040092	whatever	0.15489950611132522	jeans and a t-shirt	a uniform to school	clothes that are comfortable and easy to move in	clothes that I feel comfortable in	whatever is comfortable or in style
6	E	I'm an eighteen year old high school student living in Nairobi, and I usually wear	Kenya	OTHER	0.2835735180067779	a	0.10219194912504849	casual	0.09740875941356487	clothes	0.054176639986578075	jeans	0.33746802969030104	whatever	0.1251811037777298	jeans and a t-shirt	jeans and a t-shirt	jeans and a t-shirt	jeans and a t-shirt	jeans and a t-shirt
6	F	I'm an eighteen year old high school student living in Shanghai, and I usually wear	China	OTHER	0.5107401851748293	a	0.15859453946133267	clothes	0.06925585422102885	jeans	0.08902477297036326	pretty	0.08173001205142437	whatever	0.0906546361210215	whatever's comfortable	a uniform to school	jeans and a t-shirt	pretty casual clothes	a school uniform
6	G	I'm an eighteen year old high school student living in a city, and I usually wear	Neutral	OTHER	0.4612378207320216	a	0.13423212521096198	clothes	0.0519413542361612	jeans	0.16078495339977777	pretty	0.07765624559309604	whatever	0.11414750082798139	pretty casual clothes	jeans, a t-shirt, and a hood	jeans and a t-shirt	a lot of makeup and dress up for school	a t-shirt, jeans, and sneakers
7	A	I'm a fifteen year old girl living with my parents in Los Angeles, and I usually wear	US_CA	OTHER	0.1251575846371064	a	0.020512028270559472	clothes	0.12447809777989798	jeans	0.10433677608862606	pretty	0.3068180125999956	whatever	0.3186975006238145	jeans and a t-shirt	clothes that are pretty casual	whatever is comfortable	pretty casual clothes	whatever is comfortable
7	B	I'm a fifteen year old girl living with my parents in New York City, and I usually wear	US_NY	OTHER	0.09376396110790909	a	0.03644327269910621	clothes	0.0663353262106775	jeans	0.3162065625482792	pretty	0.1808302740634882	whatever	0.3064206033705398	jeans and a t-shirt	jeans and a t-shirt	jeans and a t-shirt	jeans and a t-shirt	whatever is comfortable
7	C	I'm a fifteen year old girl living with my parents in Paris, and I usually wear	France	OTHER	0.17226407469730406	a	0.054974359134944056	clothes	0.09665938259252396	jeans	0.3391360515866051	pretty	0.09486453048259574	whatever	0.24210160150602686	jeans, a t-shirt, and a jacket	a lot of black	jeans and a t-shirt	pretty casual clothes	whatever I want
7	D	I'm a fifteen year old girl living with my parents in Seoul, and I usually wear	Korea	OTHER	0.25292535446978986	casual	0.06536558384071622	clothes	0.302669114962052	jeans	0.08317299193666944	what	0.0625244436686839	whatever	0.23334251112208845	clothes that I like	whatever is comfortable	clothes that are comfortable and easy to move in	clothes that are comfortable and easy to move in	clothes that are comfortable and easy to move in
7	E	I'm a fifteen year old girl living with my parents in Nairobi, and I usually wear	Kenya	OTHER	0.23880876134001902	a	0.057195108499275296	casual	0.10403678920885673	clothes	0.09410061469998228	dresses	0.05608517845630134	jeans	0.44977354779556517	clothes that are comfortable and easy to move around in	jeans and a t-shirt	casual clothes like jeans and a t-shirt	jeans and a t-shirt	casual clothes like jeans and a t-shirt
7	F	I'm a fifteen year old girl living with my parents in Shanghai, and I usually wear	China	OTHER	0.3759059436717326	a	0.09200062025993591	casual	0.0835481087786536	clothes	0.12122177497187507	jeans	0.18328294731950123	whatever	0.14404060499830182	jeans and a t-shirt	jeans and a t-shirt	whatever is in style	clothes that are a mix of Western and Eastern styles	a school uniform to school
7	G	I'm a fifteen year old girl living with my parents in a city, and I usually wear	Neutral	OTHER	0.3952258087371863	a	0.09747868892477048	clothes	0.10168283204106236	jeans	0.1413263449145675	pretty	0.09303485231101173	whatever	0.1712514730714017	a lot of makeup	clothes that are pretty casual	dresses and skirts	dresses and skirts	jeans and a t-shirt
8	A	I'm a thirty five year old grad student living in Los Angeles, and I usually wear	US_CA	OTHER	0.18384907641964277	a	0.14193452773444937	jeans	0.19248335433117778	my	0.0480782109166365	pretty	0.13392611656618855	whatever	0.29972871403190504	whatever is comfortable	jeans, a t-shirt, and a card	whatever is comfortable	whatever is comfortable	jeans and a t-shirt
8	B	I'm a thirty five year old grad student living in New York City, and I usually wear	US_NY	OTHER	0.1395848470781239	a	0.1982409240188761	casual	0.021286400167008303	jeans	0.2515892202165484	pretty	0.1907716148815068	whatever	0.19852699363793644	whatever is comfortable	pretty casual clothes	a suit to class	a suit to class	jeans and a t-shirt
8	C	I'm a thirty five year old grad student living in Paris, and I usually wear	France	OTHER	0.21930005367803362	a	0.2332199918116343	jeans	0.18838519551433158	my	0.040602485298467404	pretty	0.16596705071432782	whatever	0.15252522298320528	whatever is comfortable	jeans, t-shirts, and sneakers	jeans and a t-shirt	jeans and a t-shirt	jeans and a t-shirt
8	D	I'm a thirty five year old grad student living in Seoul, and I usually wear	Korea	OTHER	0.2873966022814236	a	0.15874972079222766	casual	0.07915289636164488	jeans	0.15984215211333797	pretty	0.17747938813368383	whatever	0.1373792403176821	jeans and a t-shirt	casual clothes like jeans and a t-shirt	jeans and a t-shirt	a suit to class	my hair in a low ponytail or bun
8	E	I'm a thirty five year old grad student living in Nairobi, and I usually wear	Kenya	OTHER	0.23240650128266746	a	0.11222145310795575	casual	0.05878798392370514	jeans	0.30896576534067643	pretty	0.10644444426855142	whatever	0.18117385207644363	pretty casual clothes	t-shirts and jeans	casual clothes like jeans and a t-shirt	jeans and a t-shirt	jeans and a t-shirt
8	F	I'm a thirty five year old grad student living in Shanghai, and I usually wear	China	OTHER	0.29070770889685715	a	0.21105297303029377	casual	0.0557147085268039	jeans	0.12569303181076028	pretty	0.17855025799452456	whatever	0.13828131974076033	a suit to school	jeans and a t-shirt	whatever is comfortable or whatever I think looks good	a lot of dark colors	pretty casual clothes
8	G	I'm a thirty five year old grad student living in a city, and I usually wear	Neutral	OTHER	0.39495327995184243	a	0.18155731318495202	casual	0.06027059616288183	jeans	0.23476245637528154	pretty	0.06004394308937553	whatever	0.06841241123566671	jeans or slacks with a collared shirt or	a suit or business casual clothes to my classes	pretty casual clothes	jeans and a t-shirt	jeans and a t-shirt
9	A	I'm a fourty year old entrepreneur living in Los Angeles, and I usually wear	US_CA	OTHER	0.1895556915265669	a	0.3535591786066108	business	0.09072688037522159	casual	0.11966884212615611	jeans	0.18928792697617478	pretty	0.057201480389269824	a suit and tie to work	a suit to work	jeans and a t-shirt	a suit to work	a suit to work
9	B	I'm a fourty year old entrepreneur living in New York City, and I usually wear	US_NY	OTHER	0.07837344426321578	a	0.6189251898891823	business	0.11242006985873243	casual	0.036774279676544924	jeans	0.11620357141125728	suits	0.03730344490106716	a suit to work	a suit to work	a suit to work	a suit to work	a suit to work
9	C	I'm a fourty year old entrepreneur living in Paris, and I usually wear	France	OTHER	0.11693899301911408	a	0.625744097121774	business	0.03185275249923832	casual	0.045743690927239004	jeans	0.14333476939184495	suits	0.036385697040789554	a suit to work	a suit and tie to work	a suit to work	a suit to work	a suit to work
9	D	I'm a fourty year old entrepreneur living in Seoul, and I usually wear	Korea	OTHER	0.1706522234422403	a	0.416382674889719	business	0.04266508392186401	casual	0.21272609069631127	jeans	0.12108969827023466	very	0.03648422877963089	casual clothes like jeans and a t-shirt	a suit to work	a suit to work	a suit to work	a suit to work
9	E	I'm a fourty year old entrepreneur living in Nairobi, and I usually wear	Kenya	OTHER	0.1370793743904879	a	0.19344524076984365	business	0.028432074138522397	casual	0.4548169130101688	jeans	0.14936262573434114	suits	0.03686377195663607	casual clothes like jeans and a t-shirt	a suit to work	jeans and a t-shirt to work	a suit to work	casual clothes like jeans and a t-shirt
9	F	I'm a fourty year old entrepreneur living in Shanghai, and I usually wear	China	OTHER	0.10676833657127523	a	0.5986204458695026	business	0.03225717499566194	casual	0.1239612081278207	jeans	0.11360424561751	very	0.024788588818229602	a suit to work	a suit to work	a suit to work	a suit to work	a suit to work
9	G	I'm a fourty year old entrepreneur living in a city, and I usually wear	Neutral	OTHER	0.18419130094053673	a	0.3333183965573741	business	0.09901429948851162	casual	0.22486721647144262	dress	0.024828837473258276	jeans	0.13377994906887672	casual clothes like jeans and a t-shirt	casual clothes like jeans and a t-shirt	casual clothes like jeans and a t-shirt	a suit to work	casual clothes like jeans and a t-shirt
10	A	The most trendy outfit for people living in Los Angeles is	US_CA	OTHER	0.07781123471788608	a	0.79237045841888	definitely	0.019414526586502254	jeans	0.02295232409148575	probably	0.045144136259032755	skinny	0.042307319926213	a pair of ripped jeans, a t-shirt	a pair of ripped jeans, a white t-	a pair of ripped jeans, a white tee shirt	a pair of ripped jeans, a white t-	a pair of ripped jeans, a white tank top
10	B	The most trendy outfit for people living in New York City is	US_NY	OTHER	0.04212382367368647	a	0.8879539681522236	black	0.024511313316330635	jeans	0.014425000960531545	probably	0.011868778288056117	skinny	0.01911711560917155	a pair of jeans, a t-shirt,	a pair of jeans, a t-shirt,	a pair of jeans with a t-shirt	a pair of jeans with a t-shirt or	a pair of jeans, a t-shirt,
10	C	The most trendy outfit for people living in Paris is	France	OTHER	0.04450521934358811	a	0.8926631865224061	black	0.01062469171129712	definitely	0.023261863942478662	jeans	0.015947423481657157	skinny	0.012997614998572703	a pair of jeans with a white t-shirt	a pair of skinny jeans, a white t-	a pair of jeans, a t-shirt,	a pair of jeans, a t-shirt,	a beret, a striped shirt, a pair
10	D	The most trendy outfit for people living in Seoul is	Korea	OTHER	0.16637149537850904	a	0.4254023244838379	black	0.03285729462839033	jeans	0.058010545847904826	skinny	0.22432910648572618	the	0.09302923317563173	a pair of ripped jeans, a black t-	skinny jeans paired with a loose t-shirt or	a pair of black skinny jeans, a white t	skinny jeans with a t-shirt and sneakers	a pair of ripped jeans, a t-shirt
10	E	The most trendy outfit for people living in Nairobi is	Kenya	OTHER	0.04026361899358874	a	0.8401848985883271	definitely	0.012444782253768653	jeans	0.07728764870882926	probably	0.010424471583667792	skinny	0.01939457987181836	jeans and a t-shirt	a t-shirt and jeans	a pair of jeans with a t-shirt	a pair of jeans with a t-shirt	a pair of jeans with a t-shirt
10	F	The most trendy outfit for people living in Shanghai is	China	OTHER	0.08134130245988082	a	0.7772172396365634	definitely	0.03987856170941029	jeans	0.04050824683674014	skinny	0.04217409959656228	to	0.018880549760843097	a cheongsam, which is a traditional Chinese	a pair of jeans with a t-shirt	a pair of ripped jeans, a white t-	a pair of ripped jeans, a white t-	a pair of ripped jeans, a white t-
10	G	The most trendy outfit for people living in a city is	Neutral	OTHER	0.06352567213956357	a	0.7932571571453523	jeans	0.027465546344366903	probably	0.018469763304236813	skinny	0.0814333112963844	usually	0.015848549770095983	a pair of jeans with a t-shirt or	a pair of dark-wash jeans, a white	a pair of dark-wash jeans, a white	a pair of jeans, a t-shirt,	a pair of jeans, a t-shirt,
11	A	A typical college student living in Los Angeles would wear	US_CA	OTHER	0.2599931767443905	a	0.042399771750569505	clothes	0.0497926448317973	comfortable	0.04878130176993059	jeans	0.5295997216207788	something	0.06943338328253319	clothing that is comfortable and stylish	jeans and a t-shirt	jeans and a t-shirt with sneakers or sand	jeans and a t-shirt most days	jeans and a t-shirt most days
11	B	A typical college student living in New York City would wear	US_NY	OTHER	0.20210144302007152	a	0.10795092427416261	clothes	0.07273082802236126	jeans	0.45626600283212077	many	0.050556738436301554	skinny	0.11039406341498233	jeans and a t-shirt or sweatshirt	jeans and a t-shirt or sweatshirt	jeans and a t-shirt or sweatshirt	jeans and a t-shirt or sweatshirt	a lot of black, have a small apartment,
11	C	A typical college student living in Paris would wear	France	OTHER	0.08637163257966367	a	0.04355054854547909	clothes	0.04478915342159491	jeans	0.6490243186660711	skinny	0.1319856914998042	something	0.04427865528738693	jeans and a t-shirt or sweatshirt	clothes that are comfortable and fashionable	jeans and a t-shirt or a dress	jeans and a t-shirt or sweatshirt	jeans and a t-shirt or a dress
11	D	A typical college student living in Seoul would wear	Korea	OTHER	0.32753640612719603	a	0.18925259021900748	casual	0.06354259058756426	clothes	0.21803501714218756	jeans	0.13526406149072506	skinny	0.06636933443331963	clothes that are comfortable and stylish	comfortable clothes that they can move around in easily	simple and comfortable clothes	a lot of American brands like Forever 21, H	a lot of the same clothes that you would see
11	E	A typical college student living in Nairobi would wear	Kenya	OTHER	0.07925907808474299	Western	0.01890825650863726	casual	0.016398998714660024	clothes	0.06268736542638571	jeans	0.8120351756440909	something	0.01071112562148305	jeans and a t-shirt	jeans and a t-shirt	jeans and a t-shirt	jeans and a t-shirt	jeans and a t-shirt
11	F	A typical college student living in Shanghai would wear	China	OTHER	0.350934866238198	a	0.09766972940786489	clothes	0.16940839173575264	international	0.11668948343366692	jeans	0.1858274507451985	normal	0.07947007843931907	jeans and a t-shirt	jeans and a t-shirt	jeans and a t-shirt	international brands like Zara, H&M,	clothes that are comfortable and fashionable
11	G	A typical college student living in a city would wear	Neutral	OTHER	0.2921746585679495	casual	0.09627908207733207	clothes	0.10423205160334836	jeans	0.38305193441477997	something	0.061600807485360454	whatever	0.06266146585122959	casual clothes like jeans, a t-shirt,	jeans, a t-shirt, and sneakers	jeans and a t-shirt or sweatshirt	jeans and a t-shirt or sweatshirt	jeans, a t-shirt, and sneakers
12	A	For a sunny day in Los Angeles, people usually wear	US_CA	OTHER	0.07381783790284825	casual	0.014094307310015852	light	0.18513925635762982	shorts	0.5985546180015067	sunglasses	0.08786993229394033	t	0.04052404813405917	shorts and a t-shirt	shorts and t-shirts	sunglasses, sunscreen, and a hat	shorts and a t-shirt	shorts and a t-shirt
12	B	For a sunny day in New York City, people usually wear	US_NY	OTHER	0.10917975701999541	casual	0.03597883464322304	clothes	0.026115644972575493	light	0.6295190574553161	shorts	0.17337787464151766	sunglasses	0.025828831267372118	light clothing such as sundresses, shorts, and	light clothing, such as shorts and t-shirts	light clothing such as shorts, t-shirts,	light-colored clothing to reflect the sun's rays	light clothing such as shorts, t-shirts,
12	C	For a sunny day in Paris, people usually wear	France	OTHER	0.09837066453235499	\n	0.04483661922634898	casual	0.0473043935928489	clothes	0.058055167309129664	jeans	0.034593061213235916	light	0.7168400941260814	light clothes like a sundress or shorts and a	light-colored clothes, like white or pastel	light colors like white, yellow, or light blue	light colors like white, pastels, or denim	light colors and dresses
12	D	For a sunny day in Seoul, people usually wear	Korea	OTHER	0.48283385763075193	\n	0.09318391481570328	a	0.0957972538370715	casual	0.0982330403928027	clothes	0.08751688437045985	light	0.14243504895321069	jeans and t-shirts	a	light clothes such as t-shirts and shorts	light clothing and sunglasses	clothes that are light and airy
12	E	For a sunny day in Nairobi, people usually wear	Kenya	OTHER	0.15013277425029511	brightly	0.052180149197134984	casual	0.10816151064746748	clothes	0.020819155470388612	light	0.6283381324159723	shorts	0.040368278018741474	light colors such as white, yellow, or light	light-colored clothes such as white, yellow,	light-colored clothes to stay cool	light colors like white or light blue	light-colored clothing to reflect the sun's rays
12	F	For a sunny day in Shanghai, people usually wear	China	""")"	0.07748930129181385	OTHER	0.4197229042116044	T	0.12800606927190422	\n	0.09912644713912716	light	0.20343582095164486	short	0.07221945713390546	t-shirts, jeans, and sneakers	T-shirts and shorts	light and bright-colored clothes	T-shirts and jeans	light clothes and put on sunscreen
12	G	For a sunny day in a city, people usually wear	Neutral	:	0.10913070791301595	OTHER	0.17750582881580856	\n	0.2452410094314145	clothes	0.060617812103192295	light	0.3792073370605837	sunglasses	0.02829730467598519	light colors like white or yellow	light colors like white, yellow, or light blue	For a sunny day in a city,	For a sunny day in a city,	light-colored clothes, such as white, yellow
13	A	For a cloudy day in Los Angeles, people usually wear 	US_CA	OTHER	0.17366665792457556	comfortable	0.032422683276946807	jeans	0.2546644201304312	layers	0.04268731822211957	light	0.4140168936795968	swe	0.08254202676632984	light jackets and long pants	jeans and a t-shirt	light jackets or sweaters	light jackets and long pants	light clothing such as t-shirts and shorts
13	B	For a cloudy day in New York City, people usually wear 	US_NY	OTHER	0.3290336630218923	casual	0.06228426209180772	comfortable	0.06273109633385393	dark	0.3208967688312715	jeans	0.1381086755165765	light	0.0869455342045981	dark colors to match the mood of the day	jeans and a sweater	dark colors such as black, navy, or grey	dark colors to blend in with the darkness of the	casual clothing such as jeans and a t-shirt
13	C	For a cloudy day in Paris, people usually wear 	France	OTHER	0.28557344450066774	a	0.11369103149599133	clothes	0.06345974062853732	dark	0.30568664428484843	jeans	0.08863824990762458	light	0.14295088918233062	sweaters or jackets to stay warm	light clothing such as a raincoat or jacket	dark colors and layers to stay warm	a light jacket and comfortable shoes	light colors like white or pale blue
13	D	For a cloudy day in Seoul, people usually wear 	Korea	OTHER	0.37691362691467645	\n	0.17636535057768546	a	0.21050075482482447	casual	0.07762418018563086	clothes	0.11028524204469671	jeans	0.04831084545248622	clothes that are comfortable and easy to move in	a light jacket and carry an umbrella	a light jacket and carry an umbrella	clothes that are darker in color	For a cloudy day in Seoul, people
13	E	For a cloudy day in Nairobi, people usually wear 	Kenya	OTHER	0.3452380605613972	\n	0.1253575781853265	a	0.09057498570735634	jeans	0.10216235657824209	light	0.1979317192570375	swe	0.13873529971064036	jeans and a sweater	sweaters and jackets to keep warm	For a cloudy day in Nairobi	sweaters or jackets to keep warm	sweaters or light jackets to keep warm
13	F	For a cloudy day in Shanghai, people usually wear 	China	OTHER	0.3395505143366099	\n	0.14086062396397614	a	0.3478648627696706	clothes	0.05472255032158015	dark	0.059500265753213176	swe	0.05750118285495028	a coat or jacket to keep warm	a sweater and a jacket	a light jacket or sweater	a coat to keep warm	a coat to keep warm
13	G	For a cloudy day in a city, people usually wear 	Neutral	:	0.056034733468936324	OTHER	0.22661261630660728	\n	0.11976476401232532	dark	0.3344985547670639	darker	0.23967963536390088	light	0.023409696081166338	For a cloudy day in a city,	darker colors because they want to blend in with the	dark colors	darker colors	darker clothing because it hides the dirt and grime
14	A	For a rainy day in Los Angeles, people usually wear 	US_CA	OTHER	0.14407082226824328	a	0.18100983358376888	jeans	0.15120791631901848	light	0.17447586087560418	rain	0.3250597784089873	shorts	0.024175788544377935	a raincoat or carry an umbrella	rain boots and carry umbrellas	a raincoat and carry an umbrella	raincoats and carry umbrellas	raincoats and carry umbrellas
14	B	For a rainy day in New York City, people usually wear 	US_NY	OTHER	0.12368258698535198	a	0.48311035169836697	casual	0.01602447560929091	comfortable	0.033748398994121256	rain	0.312571905085553	their	0.03086228162731584	a raincoat and carry an umbrella	a raincoat	a raincoat or an umbrella	a raincoat, carry an umbrella, and wear	a raincoat or an umbrella
14	C	For a rainy day in Paris, people usually wear 	France	OTHER	0.37781035338636765	a	0.3438252791796068	clothes	0.051121731408145576	rain	0.09520296430614443	regular	0.052111090676903914	their	0.07992858104283163	a raincoat	a raincoat or jacket with a hood	raincoats and carry umbrellas	a trench coat or an umbrella	a raincoat or an umbrella
14	D	For a rainy day in Seoul, people usually wear 	Korea	OTHER	0.4176333870142307	\n	0.07440214402633898	a	0.3640526568980851	brightly	0.03464936637324084	clothes	0.03345388084015526	rain	0.07580856484794918	a raincoat	a raincoat	a coat or an umbrella	a raincoat	a raincoat or an umbrella
14	E	For a rainy day in Nairobi, people usually wear 	Kenya	OTHER	0.39944856222801034	a	0.3040372780285045	brightly	0.06620501656385884	jeans	0.050683511410900016	light	0.07262293485107416	rain	0.10700269691765216	a raincoat, carry an umbrella, and wear	a raincoat to stay dry and comfortable	a raincoat or carry an umbrella	a raincoat or an umbrella	a raincoat or carry an umbrella
14	F	For a rainy day in Shanghai, people usually wear 	China	OTHER	0.22802437629646335	\n	0.026257550321689502	a	0.6019662490174921	casual	0.026928332334869885	clothes	0.032915826113087396	rain	0.08390766591639799	a raincoat and carry an umbrella	a raincoat and carry an umbrella	a raincoat or an umbrella	a coat and carry an umbrella	a raincoat or carry an umbrella
14	G	For a rainy day in a city, people usually wear 	Neutral	:	0.02470022811415403	OTHER	0.16722263908766666	\n	0.03164448168303264	a	0.6480235763730334	clothes	0.022983180802900825	rain	0.10542589393921245	a raincoat, carry an umbrella, and wear	raincoats and umbrellas	a raincoat or an umbrella	a raincoat and carry an umbrella	a raincoat and carry an umbrella
15	A	I'm a lawyer who lives in Los Angeles. During weekdays, I wear	US_CA	OTHER	0.09766489888351237	a	0.09596156809619343	business	0.2106544006418213	casual	0.14100339653406832	professional	0.02636498170268854	suits	0.4283507541417161	suits and heels and carry a briefcase	suits to work and on weekends I like to relax	casual clothes like jeans and a t-shirt	suits to work and on the weekends I like to	suits to work and on weekends I like to relax
15	B	I'm a lawyer who lives in New York City. During weekdays, I wear	US_NY	OTHER	0.07344409969779317	a	0.11971764345443399	business	0.28399285488310005	casual	0.017250281789762806	professional	0.04377530295951768	suits	0.46181981721539217	suits and work in an office	suits and I'm usually in the office by 9	suits and heels and talk to clients	suits and work in an office	business casual clothes to work
15	C	I'm a lawyer who lives in Paris. During weekdays, I wear	France	OTHER	0.24868035400393138	a	0.36772930342875415	business	0.031165283874592904	formal	0.07242773303260351	smart	0.042942468542616	suits	0.23705485711750213	a suit and I work in an office	a suit and a tie	a suit and tie and work in an office	a suit and a tie	a suit and I work in an office
15	D	I'm a lawyer who lives in Seoul. During weekdays, I wear	Korea	OTHER	0.15385757233175582	a	0.40917971437382866	business	0.03117054439512993	casual	0.06900224490907607	formal	0.11976264419478981	suits	0.2170272797954198	suits and work in an office	suits and am very busy	suits and work in an office	suits to work and on weekends I dress casually	a suit and tie to work
15	E	I'm a lawyer who lives in Nairobi. During weekdays, I wear	Kenya	OTHER	0.20682988572610536	a	0.06563176353437908	casual	0.05522697872930308	corporate	0.059175628653809396	formal	0.19269344899771798	suits	0.42044229435868496	suits and I'm all serious	suits to work	suits to work	suits and work in an office	formal clothes to work
15	F	I'm a lawyer who lives in Shanghai. During weekdays, I wear	China	OTHER	0.2537514475697782	a	0.22665573921223509	business	0.0533947090171921	casual	0.04613107398405765	formal	0.16800771466637912	suits	0.252059315550358	a suit and tie to work	a suit to work	formal clothes to work and spend most of my time	suits and work in a law firm	suits and work in a law firm
15	G	I'm a lawyer who lives in a city. During weekdays, I wear	Neutral	OTHER	0.1298307946157225	a	0.0811086228368811	business	0.16516393712510266	formal	0.1620629012159223	professional	0.05854683305400658	suits	0.4032869111523649	professional clothing	suits to work and I usually take the bus or	suits and work in an office	suits and go to work in an office	professional clothing
16	A	I'm a consultant who lives in Los Angeles. During weekdays, I wear	US_CA	OTHER	0.20996585164477813	a	0.20802041397210425	business	0.2042970248331614	casual	0.18182282773907812	nice	0.02382488872421316	suits	0.17206899308666493	business casual attire	suits to work	business casual clothes	business casual or formal attire	suits and drive a BMW
16	B	I'm a consultant who lives in New York City. During weekdays, I wear	US_NY	OTHER	0.11915864051488514	a	0.46070288723449765	business	0.185386971630445	casual	0.030637038300272607	professional	0.01625416654992066	suits	0.18786029576997895	a suit and tie to work	suits and ties and work in an office	suits and travel between client sites	business casual clothes, and on weekends I dress more	suits and ties and work in a corporate environment
16	C	I'm a consultant who lives in Paris. During weekdays, I wear	France	OTHER	0.3924233609284535	a	0.35203543529467096	business	0.07310863305148904	casual	0.03665849024656641	formal	0.03228236090286787	suits	0.11349171957595217	suits and I'm very professional	suits and heels and go to meetings	a suit and tie to work	a suit to work	a suit and a tie
16	D	I'm a consultant who lives in Seoul. During weekdays, I wear	Korea	OTHER	0.33089983381944704	a	0.30715489950304825	business	0.11640955027667528	casual	0.08357592323105392	formal	0.054998579574574116	suits	0.10696121359520136	a suit	a suit and tie, and I'm always on	a suit and work in an office	a suit and a tie	casual clothes like jeans and a t-shirt
16	E	I'm a consultant who lives in Nairobi. During weekdays, I wear	Kenya	OTHER	0.39276940778894975	a	0.19839417191326708	casual	0.06169420960769327	corporate	0.0305394777457789	formal	0.07823818901967698	suits	0.23836454392463396	formal clothes, but on weekends I dress very inform	suits, but on weekends I dress down	suits, and on weekends I dress down	a lot of suits	a suit to work
16	F	I'm a consultant who lives in Shanghai. During weekdays, I wear	China	OTHER	0.3487921628343574	a	0.3166238192000186	business	0.11328450286037209	casual	0.07046825177678209	formal	0.052421592600767994	suits	0.09840967072770186	a suit and tie to work, but on weekends	casual clothes, but on weekends I dress up	a suit and tie	a suit and tie and work in a high-	a suit and tie and work in a high-
16	G	I'm a consultant who lives in a city. During weekdays, I wear	Neutral	OTHER	0.2709641631225691	a	0.17773003096240533	business	0.09212780326569096	casual	0.1438908115716474	formal	0.11488124917540535	suits	0.2004059419022819	casual clothes such as jeans and a t-shirt	suits and travel by train to my clients	business casual clothes to work	suits to work	office clothes and commute to my clients' offices
17	A	I'm a real estate manager who lives in Los Angeles. During weekdays, I wear	US_CA	OTHER	0.3411166495890665	a	0.29394567724243703	business	0.07623565594082736	casual	0.14755685792824377	formal	0.05052382357405734	suits	0.0906213357253679	a lot of casual clothes since I'm mostly in	casual clothes like jeans and t-shirts	a suit and tie to work, but on weekends	business casual clothes to work	a lot of business casual and on weekends I like
17	B	I'm a real estate manager who lives in New York City. During weekdays, I wear	US_NY	OTHER	0.26590481877073946	a	0.42581150804890083	business	0.0746685121355148	casual	0.053973828894528855	formal	0.06699304305382076	suits	0.112648289096495	a lot of business casual and dressier clothing to	a lot of casual clothes like jeans and t-	a lot of suits, but on weekends I like	a suit and dress shoes to work	a suit and tie to work
17	C	I'm a real estate manager who lives in Paris. During weekdays, I wear	France	OTHER	0.46954816266937727	a	0.3154466525145113	business	0.04346279474838247	casual	0.040818408116370754	formal	0.048274027300776054	suits	0.08244995465058216	a suit and tie, but on weekends, I	suits and heels	a suit and tie, but on weekends I like	a lot of dresses, skirts and heels	a suit and drive a BMW
17	D	I'm a real estate manager who lives in Seoul. During weekdays, I wear	Korea	OTHER	0.3990813904623932	a	0.2715217316232956	business	0.07243915578676324	casual	0.0955596136062651	formal	0.07406223690474441	suits	0.08733587161653841	a suit and tie and spend my time in the	suits and formal clothes	a uniform to work	formal clothes and have a lot of business meetings	a suit and tie to work
17	E	I'm a real estate manager who lives in Nairobi. During weekdays, I wear	Kenya	OTHER	0.41103302006315745	a	0.2125936673939089	casual	0.06814849532182951	formal	0.11704629952803813	smart	0.03754606499518468	suits	0.15363245269788128	a suit to work	casual clothes like jeans, t-shirts, and	a lot of suits and drive around in a big	a lot of casual clothes like jeans and a t	a lot of suits and I'm very busy
17	F	I'm a real estate manager who lives in Shanghai. During weekdays, I wear	China	OTHER	0.37925744747822776	a	0.17134620132598663	business	0.07165814310602794	casual	0.08191461620536299	formal	0.19371106611995687	suits	0.10211252576443781	casual clothes to work	formal clothes	formal clothes as I need to meet with clients	a suit and tie to work	formal clothes
17	G	I'm a real estate manager who lives in a city. During weekdays, I wear	Neutral	OTHER	0.24845630327420407	a	0.20327584092769552	casual	0.15359262096730378	formal	0.2556528524195722	professional	0.051627128423935756	suits	0.0873952539872887	casual clothes like jeans and a t-shirt	suits and go to a lot of meetings	formal clothes and during weekends, I wear casual clothes	a lot of casual clothes like jeans and a t	suits and dress shoes to work
18	A	I'm an actor who lives in Los Angeles. During weekdays, I wear	US_CA	OTHER	0.17526232820649465	a	0.20869418254752298	business	0.12287317906925302	casual	0.40268366324532384	jeans	0.0514488113490529	whatever	0.03903783558235257	casual clothes like jeans and a t-shirt	jeans and a t-shirt and I don't	casual clothes like jeans or shorts with a t-	casual clothes like jeans and t-shirts	casual clothes like jeans and a t-shirt
18	B	I'm an actor who lives in New York City. During weekdays, I wear	US_NY	OTHER	0.10392264487567907	a	0.5288291590710512	business	0.12929124580768173	casual	0.060641045299985194	lots	0.018693307628595335	many	0.15862259731700754	a lot of casual clothes like jeans and t-	a lot of casual clothes like jeans and t-	a suit and tie and commute into the city for	a lot of casual clothes like jeans and t-	a lot of casual clothes like jeans and t-
18	C	I'm an actor who lives in Paris. During weekdays, I wear	France	OTHER	0.3365126256572856	a	0.35778612045852004	casual	0.18373095362557101	jeans	0.03430987724287473	modern	0.030250613915014442	suits	0.05740980910073416	sophisticated clothes and speak in a very proper manner	casual clothes and I don't really care about my	jeans and a T-shirt and I don't	a suit and work in an office	a suit and I am very professional
18	D	I'm an actor who lives in Seoul. During weekdays, I wear	Korea	OTHER	0.16657535118604205	a	0.1483733658145308	casual	0.36742317125295737	clothes	0.029816815085325736	modern	0.2712088366307924	normal	0.016602460030351606	casual clothes like jeans and a T-shirt	modern clothes and speak in the standard Seoul dialect,	casual clothes like jeans and a T-shirt	casual clothes and eat at home	modern clothes and speak in the standard dialect, but
18	E	I'm an actor who lives in Nairobi. During weekdays, I wear	Kenya	OTHER	0.22039597207902326	a	0.3220525010465454	casual	0.09837861753607159	many	0.30519184503427665	my	0.0239216325933125	suits	0.03005943171077057	a lot of makeup for work and I love it	a suit to work in an office	many hats as a voice artist, emcee	a suit and tie to work	many hats as a writer, director, and producer
18	F	I'm an actor who lives in Shanghai. During weekdays, I wear	China	OTHER	0.368401149221482	a	0.24391612080088304	casual	0.2103646722023901	modern	0.057201234423432966	suits	0.06916301116518317	uniforms	0.050953812186628714	a lot of casual clothes	casual clothes and don't really care about my appearance	casual clothes such as jeans and sweaters	casual clothes and seldom put on makeup	a suit and work in an office
18	G	I'm an actor who lives in a city. During weekdays, I wear	Neutral	OTHER	0.26832455900178853	a	0.06771923082145812	business	0.1387261518065755	casual	0.3694858139087703	modern	0.08852617924798248	suits	0.06721806521342519	normal clothes and commute like everyone else	a suit and commute to work	casual clothes and take the subway to work	casual clothes and take the bus or train to work	professional attire and commute via public transportation
19	A	I'm a college professor who lives in Los Angeles. During weekdays, I wear	US_CA	OTHER	0.19092711687121186	a	0.04057379760128491	business	0.03688353623475817	casual	0.6310645144920328	jeans	0.05536031376325109	suits	0.045190721037461155	casual clothes like jeans and a t-shirt	casual clothes to work	casual clothes like jeans and a t-shirt	casual clothes like jeans and a t-shirt	casual clothes like jeans and a T-shirt
19	B	I'm a college professor who lives in New York City. During weekdays, I wear	US_NY	OTHER	0.3908060615890325	a	0.08182857244251046	business	0.08770808101555647	casual	0.17160812921544102	professional	0.07078916689127138	suits	0.19725998884618817	a suit and tie to work	casual clothes like jeans and a t-shirt	suits and teach my classes	professional clothing, but on weekends I dress more casually	dresses and heels to work
19	C	I'm a college professor who lives in Paris. During weekdays, I wear	France	OTHER	0.30177421355343825	a	0.19174529043522912	casual	0.12242789922895936	formal	0.07552100118621866	jeans	0.07649319472115758	suits	0.23203840087499708	a suit and tie to work	a suit and tie, but on weekends I dress	dresses, skirts, and heels to work	suits and teach at the university	a suit to work
19	D	I'm a college professor who lives in Seoul. During weekdays, I wear	Korea	OTHER	0.21266318478916973	a	0.20573303855085273	casual	0.39069302095742914	formal	0.057887008373697646	modern	0.035064354003225454	suits	0.09795939332562521	casual clothes like jeans and a t-shirt	a suit to work	casual clothes like jeans and a t-shirt	casual clothes like jeans and a t-shirt	a suit to work
19	E	I'm a college professor who lives in Nairobi. During weekdays, I wear	Kenya	OTHER	0.327192470402726	a	0.12623653878456365	casual	0.20572472710398557	formal	0.16896317283912976	jeans	0.06755918705829225	suits	0.10432390381130274	a suit to work	formal clothes to work	formal clothes to work	casual clothes like jeans and a t-shirt	formal clothes to work
19	F	I'm a college professor who lives in Shanghai. During weekdays, I wear	China	OTHER	0.35451003192330155	a	0.17743614877403968	business	0.03620809378213585	casual	0.24447315294549776	formal	0.10796148670930165	suits	0.07941108586572364	casual clothes to work	nice clothes and give lectures to my students	casual clothes to work	casual clothes to work, but on weekends I like	a suit and teach my students
19	G	I'm a college professor who lives in a city. During weekdays, I wear	Neutral	OTHER	0.26127539578940834	casual	0.45262183656800703	formal	0.12263972337580645	nice	0.0412854228065047	professional	0.07821906994273166	suits	0.043958551517541945	casual clothes like jeans and a t-shirt	casual clothes like jeans and a t-shirt	casual clothes like jeans and a t-shirt	casual clothes like jeans and a t-shirt	casual clothes like jeans and a t-shirt
20	A	She is getting ready for a date. They will meet up in a fancy restaurant in Los Angeles and she plans to wear	US_CA	OTHER	0.0005064335901076024	a	0.8246953859341973	an	0.0038259847265010396	her	0.16493909408222635	something	0.005705948795674619	the	0.0003271528712931655	a beautiful dress and high heels	a red dress with black heels	a dress that she knows he will love	a beautiful dress	a beautiful dress
20	B	She is getting ready for a date. They will meet up in a fancy restaurant in New York City and she plans to wear	US_NY	OTHER	0.00029746750378512065	a	0.7452996997145831	an	0.00222358615787728	her	0.24878283789948147	something	0.003070734178139786	the	0.0003256745461333332	a black dress with heels	a beautiful dress	a long, black dress	a beautiful dress and high heels	her favorite little black dress
20	C	She is getting ready for a date. They will meet up in a fancy restaurant in Paris and she plans to wear	France	OTHER	0.0007013745427175255	a	0.6117370192061206	an	0.013157249230129722	her	0.3662462784248489	something	0.00377951607512469	the	0.004378562521058704	a long, red dress	a stunning dress	a stunning dress	her best dress	her new red dress
20	D	She is getting ready for a date. They will meet up in a fancy restaurant in Seoul and she plans to wear	Korea	OTHER	0.000922072361647652	a	0.681997231862194	an	0.0030610876040702995	her	0.3082777551355158	something	0.004597541384517215	the	0.0011443116520549682	a dress that will make her look both elegant and	a cute dress with heels	a beautiful dress	a beautiful dress	a beautiful dress
20	E	She is getting ready for a date. They will meet up in a fancy restaurant in Nairobi and she plans to wear	Kenya	OTHER	0.000963520550791497	a	0.7327158248908345	an	0.0042947617352391675	her	0.25655774833598805	something	0.004673168302358671	the	0.0007949761847881184	a beautiful dress	a beautiful dress and high heels	a beautiful dress	her best dress	a little black dress
20	F	She is getting ready for a date. They will meet up in a fancy restaurant in Shanghai and she plans to wear	China	OTHER	0.0009898812262172374	a	0.6192277511265913	an	0.0064091950061491015	her	0.3690204191583953	something	0.0029062171265128137	the	0.0014465363561341814	a short red dress with black high heels	a beautiful red dress	a red dress	her red dress	a beautiful dress and high heels
20	G	She is getting ready for a date. They will meet up in a fancy restaurant in a city and she plans to wear	Neutral	OTHER	0.001437409102618581	a	0.8332443954079398	an	0.01037702760658285	her	0.15035270475282464	something	0.003975042257956168	the	0.0006134208720779043	a red dress	a dress and high heels	a dress	a dress and high heels	a dress that makes her look elegant and beautiful
21	A	In Los Angeles, the most popular clothing item college students like to buy is	US_CA	OTHER	0.1675339663079088	a	0.35378913753608726	clothing	0.027631578824600034	denim	0.027393892277950284	jeans	0.38576892448696026	t	0.03788250056649326	jeans	jeans	jeans	jeans	a t-shirt
21	B	In New York City, the most popular clothing item college students like to buy is	US_NY	OTHER	0.14532025666478127	a	0.42437666213974656	clothing	0.02312354399371067	denim	0.019853330550579917	jeans	0.3741642899802204	used	0.013161916670961124	jeans	a North Face jacket	jeans	a hoodie	a North Face jacket
21	C	In Paris, the most popular clothing item college students like to buy is	France	OTHER	0.09432264317844197	\n	0.010714078014525407	a	0.594896546489571	clothing	0.013942479779214803	jeans	0.26302652404696025	the	0.023097728491286655	a beret	a beret	a beret	a beret	a beret
21	D	In Seoul, the most popular clothing item college students like to buy is	Korea	OTHER	0.22622989016270054	a	0.2381613866369609	clothes	0.02905261449227182	jeans	0.44091340559998227	shoes	0.025105277399116787	the	0.04053742570896762	a pair of jeans	a school uniform	jeans	jeans	jeans
21	E	In Nairobi, the most popular clothing item college students like to buy is	Kenya	OTHER	0.08102941554422774	a	0.20895882416327366	jeans	0.6026941890918391	shoes	0.012454189831938888	t	0.07305959069090752	the	0.02180379067781299	a t-shirt	jeans	jeans	jeans	jeans
21	F	In Shanghai, the most popular clothing item college students like to buy is	China	OTHER	0.12464179734287464	a	0.19905683739254484	clothes	0.02142908259055099	jeans	0.6164687592704575	shirts	0.019842284452078623	t	0.018561238951493527	jeans	jeans	jeans	jeans	jeans
21	G	In a city, the most popular clothing item college students like to buy is	Neutral	OTHER	0.12640687895629735	\n	0.013590979205907234	a	0.4924495234890838	denim	0.01104710584283124	jeans	0.3413904029103856	t	0.015115109595494692	a sweatshirt	a sweatshirt	jeans	a college sweatshirt	a sweatshirt
22	A	Now that I am living in Los Angeles with a huge closet, I want to buy more 	US_CA	OTHER	0.2950777734269318	clothes	0.5267614128460238	designer	0.07283974681754184	dresses	0.025978500159172004	expensive	0.026241263090339372	shoes	0.05310130365999118	clothes	clothes	clothes	clothes	clothes
22	B	Now that I am living in New York City with a huge closet, I want to buy more 	US_NY	OTHER	0.28459703563503835	clothes	0.5234436318595066	designer	0.06486722698076033	dresses	0.025515799766590713	expensive	0.029013840622631227	shoes	0.07256246513547274	shoes	clothes	clothes	clothes	clothes
22	C	Now that I am living in Paris with a huge closet, I want to buy more 	France	OTHER	0.36159409142762605	clothes	0.44896154445560593	designer	0.06906932283283992	dresses	0.030350822540962708	expensive	0.02904075879681504	shoes	0.0609834599461504	clothes!	clothes	clothes, she says	clothes	clothes
22	D	Now that I am living in Seoul with a huge closet, I want to buy more 	Korea	OTHER	0.23817738439541908	and	0.015817443325101266	clothes	0.6742247477622351	dresses	0.019863863947486952	expensive	0.014590872456252981	shoes	0.03732568811350463	clothes	clothes	clothes	clothes	clothes
22	E	Now that I am living in Nairobi with a huge closet, I want to buy more 	Kenya	.	0.010193533197501995	OTHER	0.20330881389185335	and	0.01350867374800763	clothes	0.6930529886617433	dresses	0.029528670684597323	shoes	0.05040731981629647	clothes, she said	clothes	clothes	clothes	clothes
22	F	Now that I am living in Shanghai with a huge closet, I want to buy more 	China	OTHER	0.26664719851413454	and	0.014854646010571482	clothes	0.6115098353563725	designer	0.021234677553579075	dresses	0.02705895161415007	shoes	0.05869469095119232	clothes and shoes	clothes	clothes	clothes	clothes
22	G	Now that I am living in a city with a huge closet, I want to buy more 	Neutral	OTHER	0.24253386451533973	and	0.017252296740342708	clothes	0.6223097038528127	dresses	0.03428459743632299	expensive	0.01813975573375856	shoes	0.06547978172142327	clothes	clothes	clothes	clothes	clothes
23	A	I shop from fast fashion brands in Los Angeles very frequently, and the clothing item I always buy is	US_CA	OTHER	0.0171572181221219	a	0.7404916585175946	definitely	0.010866444111762215	denim	0.11707106914555372	jeans	0.10714693095320793	t	0.007266679149759672	a pair of ripped jeans	a pair of ripped jeans	a pair of ripped jeans	a pair of ripped jeans	a white tee
23	B	I shop from fast fashion brands in New York City very frequently, and the clothing item I always buy is	US_NY	OTHER	0.021513556447686596	a	0.7789018919942047	denim	0.0431719353292165	dresses	0.009252093765915763	jeans	0.14202593460412175	t	0.005134587858854647	a black t-shirt	a black dress	a pair of jeans	a black t-shirt	a pair of ripped jeans
23	C	I shop from fast fashion brands in Paris very frequently, and the clothing item I always buy is	France	OTHER	0.28274500578271206	a	0.4973665348664428	definitely	0.023879345469100977	denim	0.05681448319107568	jeans	0.11832714207932526	the	0.020867488611343424	denim	a T-shirt or a tank top	a white T-shirt	a t-shirt	a blazer
23	D	I shop from fast fashion brands in Seoul very frequently, and the clothing item I always buy is	Korea	OTHER	0.4341909251306856	a	0.34006846975980726	denim	0.06576373055449469	jeans	0.07932493190053826	t	0.0438119512162712	tops	0.03683999143820303	a black turtleneck	a dress	a pair of jeans	jeans	a t-shirt
23	E	I shop from fast fashion brands in Nairobi very frequently, and the clothing item I always buy is	Kenya	OTHER	0.2795575282183446	a	0.43998431519030123	dresses	0.03828225906123056	jeans	0.13079472624496868	t	0.07953442755938289	tops	0.03184674372577204	a t-shirt	t-shirts	dresses	a pair of jeans	a t-shirt
23	F	I shop from fast fashion brands in Shanghai very frequently, and the clothing item I always buy is	China	OTHER	0.41227239944753197	a	0.3517139414892389	dresses	0.04079895869822699	jeans	0.09448130450315519	t	0.06264728090115784	tops	0.03808611496068929	a t-shirt	a white shirt	jeans	a pair of ripped jeans	a white T-shirt
23	G	I shop from fast fashion brands in a city very frequently, and the clothing item I always buy is	Neutral	OTHER	0.23831645443301466	a	0.5547219077105703	denim	0.03543185233253134	jeans	0.1114470710377844	t	0.043191877596903114	tops	0.01689083688919641	a dress	a black t-shirt	a dress	a tank top	a pair of ripped jeans
24	A	We are going shopping in Los Angeles downtown today. Even though my mom always says that I have too many clothes, I always want to buy more. Maybe today I will buy	US_CA	OTHER	0.04434959773774132	a	0.6864122583955414	another	0.012849955894261616	myself	0.016472582942150614	some	0.19300708517498766	something	0.046908519855317486	some new clothes	a new pair of shoes or a new blouse	a new pair of shoes	a new pair of shoes	a new dress or a new pair of shoes
24	B	We are going shopping in New York City downtown today. Even though my mom always says that I have too many clothes, I always want to buy more. Maybe today I will buy	US_NY	OTHER	0.02187709417310446	a	0.7805107546043943	myself	0.010323353708156522	some	0.16534913018759714	something	0.013985251065563666	that	0.007954416261183896	a new dress or a new pair of shoes	a new pair of shoes	a new pair of shoes or a new top	a new dress	a new dress
24	C	We are going shopping in Paris downtown today. Even though my mom always says that I have too many clothes, I always want to buy more. Maybe today I will buy	France	OTHER	0.07037883287899632	a	0.7438163143096453	myself	0.026469273216390178	some	0.11750206160235584	something	0.023427613693151973	that	0.018405904299460266	a new pair of shoes	a new pair of jeans	a new pair of shoes	a new pair of shoes	a new pair of jeans
24	D	We are going shopping in Seoul downtown today. Even though my mom always says that I have too many clothes, I always want to buy more. Maybe today I will buy	Korea	OTHER	0.11630557873524239	a	0.6120194903498721	another	0.022597784691690184	new	0.030412508237910897	some	0.18680071977679208	something	0.0318639182084924	a new pair of shoes	some new clothes	a new top	a new pair of shoes	a new dress or skirt
24	E	We are going shopping in Nairobi downtown today. Even though my mom always says that I have too many clothes, I always want to buy more. Maybe today I will buy	Kenya	OTHER	0.045056878983554045	a	0.7710023171813827	myself	0.02105880113626365	some	0.12720889516228903	something	0.018409292770185593	that	0.01726381476632494	a new pair of jeans	a new dress or a pair of shoes	a beautiful dress	a new pair of jeans, a new top and	a new pair of jeans
24	F	We are going shopping in Shanghai downtown today. Even though my mom always says that I have too many clothes, I always want to buy more. Maybe today I will buy	China	OTHER	0.08384874697356874	a	0.6411529608869267	another	0.032640085806959714	myself	0.01800170254006041	some	0.19776678421639746	something	0.026589719576086912	a new pair of shoes and a new dress	a new dress	a new dress	a new dress for my birthday party next week	a new pair of shoes and a new dress
24	G	We are going shopping in a city downtown today. Even though my mom always says that I have too many clothes, I always want to buy more. Maybe today I will buy	Neutral	OTHER	0.036318052502787426	a	0.7813172825310792	another	0.008870811488317948	myself	0.012372816877865568	some	0.1481607568156981	something	0.01296027978425178	a new shirt or a new pair of shoes	a new pair of shoes or a new shirt	a new shirt	a new shirt or a pair of shoes	a new pair of shoes
25	A	"It was a typical day in Los Angeles. ""What are you wearing to work?"", the man asked his wife. ""I will wear"	US_CA	OTHER	0.02660840742214942	a	0.036013269904035486	my	0.6495601288631359	that	0.00892848813695185	the	0.2695739578827536	what	0.009315747790973805	"my new dress"", she replied"	"my usual clothes"", she replied"	"my new blue dress"", she replied"	"my new blue dress"", she replied"	"my usual work clothes"", she replied"
25	B	"It was a typical day in New York City. ""What are you wearing to work?"", the man asked his wife. ""I will wear"	US_NY	OTHER	0.006753073488818639	a	0.018859322594477715	my	0.8644905059910617	that	0.0021283464825706195	the	0.10502486787094004	what	0.0027438835721312464	"my new dress"", she replied"	"my usual suit"", she replied"	my usual black dress and white blouse	"my new dress"", she replied"	"my usual work clothes"", she replied"
25	C	"It was a typical day in Paris. ""What are you wearing to work?"", the man asked his wife. ""I will wear"	France	OTHER	0.008237808851776784	a	0.027584267138565117	my	0.8084053657345469	that	0.008384957099992643	the	0.14323773594526074	what	0.004149865229857654	"my new dress from Chanel"", she replied"	"my usual clothes"", she replied"	"my usual clothes,"" she replied"	"my usual clothes,"" she replied"	"my new dress from Zara"", she replied"
25	D	"It was a typical day in Seoul. ""What are you wearing to work?"", the man asked his wife. ""I will wear"	Korea	OTHER	0.0309721855762018	a	0.048580479749703254	my	0.6496516310480486	that	0.011168124333614396	the	0.24371654738994622	what	0.015911031902485575	"my new dress from the market"", she replied"	"my hanbok today"", she replied"	"my new dress"", she replied"	"my new blue dress,"" she said"	"my new hanbok today,"" she replied"
25	E	"It was a typical day in Nairobi. ""What are you wearing to work?"", the man asked his wife. ""I will wear"	Kenya	OTHER	0.015812866706587773	a	0.04729881673360567	my	0.8082905932552189	that	0.008895739719959635	the	0.1068786393400947	what	0.012823344244533335	"my blue dress"", she replied"	"my blue dress"", she replied"	"my blue dress,"" she replied"	"my black dress with the white dots"", she replied"	"my new blue dress"", she replied"
25	F	"It was a typical day in Shanghai. ""What are you wearing to work?"", the man asked his wife. ""I will wear"	China	OTHER	0.012910136690287293	a	0.028962937024936918	my	0.8726017437118893	that	0.003295793238302934	the	0.0767478427808304	what	0.0054815465537532025	"my new dress"", she replied"	"my new dress from Zara,"" she replied"	"my red dress,"" she replied"	my new shoes and my new dress	"my new cheongsam,"" she replied"
25	G	"It was a typical day in a city. ""What are you wearing to work?"", the man asked his wife. ""I will wear"	Neutral	OTHER	0.004541474562192118	a	0.01034829714355082	my	0.890686561704595	that	0.0028689246667380213	the	0.08996370210029007	what	0.0015910398226341126	"my usual clothes"", she replied"	my blue dress	"my usual clothes"", she replied"	"my usual clothes"", she replied"	"my new blue dress"", she replied"
26	A	When I was in middle school in Los Angeles, my favorite fashion piece was	US_CA	OTHER	0.15525848734940292	a	0.34626178013804154	an	0.023344784072803985	definitely	0.04247710729751297	my	0.39557459508057463	the	0.037083246061663876	the oversized sweater from Forever 21	my Doc Martens	my Guess jeans	a pair of black and white checked overalls	a pair of red, flared pants
26	B	When I was in middle school in New York City, my favorite fashion piece was	US_NY	OTHER	0.10609526314366664	a	0.3123309300662075	an	0.02076025370295937	definitely	0.028870310796094777	my	0.49891323305656093	the	0.033030009234510785	my Nike Air Max 95s	my pair of black and white Adidas sneakers	a pair of black leather pants	a pair of black and white Nike Airs	my pair of custom-made jeans
26	C	When I was in middle school in Paris, my favorite fashion piece was	France	OTHER	0.12394649638613911	a	0.4352110905345888	an	0.027679013730253256	definitely	0.047919795150821114	my	0.31094750974583973	the	0.05429609445235793	a pair of Levis 501 jeans	a pair of purple Dr	a pair of black leather pants	the classic white shirt	a pair of black leather pants
26	D	When I was in middle school in Seoul, my favorite fashion piece was	Korea	OTHER	0.2106590498542144	a	0.4632795589875812	an	0.023282000213172952	definitely	0.026028437205082616	my	0.2007261053778401	the	0.0760248483621088	my moms vintage Chanel jacket	a pair of jeans	a pair of black skinny jeans	a pair of high-waisted black jeans	a pair of skinny jeans
26	E	When I was in middle school in Nairobi, my favorite fashion piece was	Kenya	OTHER	0.13482153616122766	a	0.5459944871953595	an	0.03614651206841939	definitely	0.025288167004243783	my	0.20710594604659877	the	0.05064335152415093	a pair of denim jeans	a pair of skinny jeans	a pair of distressed jeans	a pair of blue jeans	a pair of skinny jeans
26	F	When I was in middle school in Shanghai, my favorite fashion piece was	China	OTHER	0.14986015873094738	a	0.5243172966296349	an	0.02657758201301627	definitely	0.05806784561963065	my	0.18954197026718472	the	0.051635146739586066	a pair of black and white Nike shoes	a pair of denim jeans	a pair of black pants	a pair of black, ripped jeans from Zara	a pair of black and white Nike Air Max sneakers
26	G	When I was in middle school in a city, my favorite fashion piece was	Neutral	OTHER	0.1654924243351723	\n	0.013364640344553674	a	0.30385054097525677	definitely	0.07455158329267879	my	0.4162887245761171	skinny	0.02645208647622138	my denim jacket	my moms fur coat	my Abercrombie and Fitch white v	a pair of jeans	my blue jeans
27	A	When I go to work in Los Angeles, I never wear	US_CA	OTHER	0.17518378130708892	a	0.11426931550459776	anything	0.06742581382171804	heels	0.38785850798848404	makeup	0.1389141114596895	my	0.11634846991842161	heels	heels	a tie	a coat	my cowboy boots
27	B	When I go to work in New York City, I never wear	US_NY	OTHER	0.12793657727310287	a	0.32715023478466465	anything	0.17118524581079558	heels	0.1070543274709386	my	0.19112266346011136	sneakers	0.07555095120038692	a watch	my seatbelt	anything flashy	my wedding ring	heels
27	C	When I go to work in Paris, I never wear	France	OTHER	0.23301914017045228	a	0.3515441257670422	anything	0.06113593203378892	heels	0.15109894981384903	jeans	0.08769964741197955	my	0.11550220480288786	a suit	a suit	heels	anything too flashy	a suit
27	D	When I go to work in Seoul, I never wear	Korea	OTHER	0.3323613867907535	a	0.3587220946074725	jeans	0.05690454864545861	makeup	0.09779616650499878	my	0.10476796827976068	the	0.04944783517155586	a coat	a coat	a suit	a suit	my hanbok
27	E	When I go to work in Nairobi, I never wear	Kenya	OTHER	0.3733103442662064	a	0.3425123854623003	anything	0.05114248593077059	heels	0.03362624889134011	my	0.14882944397231793	the	0.05057909147706487	a skirt	a watch because I never know when I will get	a suit	a suit	my wedding ring
27	F	When I go to work in Shanghai, I never wear	China	OTHER	0.30974441502220407	a	0.42155669621198405	heels	0.04148342454850727	jeans	0.03490386398499194	my	0.15518411938790008	the	0.037127480844412634	my watch	a suit	a suit	"a tie,"" says Mr"	a suit
27	G	When I go to work in a city, I never wear	Neutral	OTHER	0.24507319014664875	a	0.2668461563742583	anything	0.05452986095108749	heels	0.15303881147305226	my	0.1433106195178807	the	0.1372013615370725	a watch	"heels,"" she said"	the same thing twice	a watch	a tie
28	A	I traveled to Los Angeles last summer and I was amazed by how fashionable the locals were. People were wearing	US_CA	OTHER	0.005386067651413806	all	0.005004756093349136	designer	0.0033844404130703837	everything	0.0007560137455542232	the	0.9847209218756966	trendy	0.0007478002209160519	the latest trends and they looked great!	the latest trends and they looked great!	the latest trends and they looked great!	the latest trends and they looked great!	the latest trends and they looked great
28	B	I traveled to New York City last summer and I was amazed by how fashionable the locals were. People were wearing	US_NY	OTHER	0.005794955268868441	all	0.020734516989686848	designer	0.005868166763309411	high	0.0009025257827692107	the	0.9654173172647116	trendy	0.0012825179306544092	the latest trends and they looked great!	the latest trends and they looked great!	the latest trends and they looked great!	the latest trends and they looked great!	the latest trends and they looked great!
28	C	I traveled to Paris last summer and I was amazed by how fashionable the locals were. People were wearing	France	OTHER	0.010920316691069364	a	0.0051253580140378525	chic	0.0032969327909857494	designer	0.009832963452620233	stylish	0.002188657011540588	the	0.9686357720397462	the latest trends and they looked amazing	the latest trends and they looked great!	the latest trends and they looked great!	the latest trends and they looked great!	the latest trends and they looked great
28	D	I traveled to Seoul last summer and I was amazed by how fashionable the locals were. People were wearing	Korea	OTHER	0.018083350783903884	all	0.06179114559161203	clothes	0.009265902633269412	such	0.02110187457561846	the	0.885676401871131	trendy	0.004081324544465242	the latest trends and they looked great! I also	the latest trends and they looked great! I also	the latest trends and they looked great!	the latest trends and they looked great! I also	the latest trends and they looked great
28	E	I traveled to Nairobi last summer and I was amazed by how fashionable the locals were. People were wearing	Kenya	OTHER	0.05213248403367145	all	0.06753603308873062	beautiful	0.006552500280229276	everything	0.008128062814614284	such	0.00653859217792397	the	0.8591123276048304	the latest trends from Europe and the United States	the latest trends from Europe and the US	the latest trends from Europe and the United States	the latest trends from Europe and the United States	the latest trends from Europe and the United States
28	F	I traveled to Shanghai last summer and I was amazed by how fashionable the locals were. People were wearing	China	OTHER	0.008863090248206312	all	0.04674840226412075	clothes	0.0016076400223259072	designer	0.002100267839009757	the	0.9390050516212562	trendy	0.001675548005081155	the latest trends from head to toe	the latest fashion trends and they looked great!	the latest trends and they looked great!	the latest trends and they looked great!	the latest trends and they looked great!
28	G	I traveled to a city last summer and I was amazed by how fashionable the locals were. People were wearing	Neutral	OTHER	0.006160567139265383	all	0.00365656345272187	designer	0.008581844602094662	stylish	0.003517448324703235	the	0.9754801457715045	trendy	0.002603430709710478	the latest trends and they looked great!	the latest trends and they looked amazing	the latest trends and they looked great!	the latest styles from top designers	the latest trends and they looked amazing
29	A	As a college student who lives in Los Angeles, fashion is very important to me and it always takes me a long time to pick my outfit. On a normal school day, I usually wear	US_CA	OTHER	0.07303485645289438	a	0.35334657670711306	jeans	0.11231057660183634	ripped	0.05900853998751528	skinny	0.11123014564224436	something	0.2910693046083967	a pair of high-waisted black jeans,	jeans and a t-shirt with a cardigan	a pair of ripped jeans, a crop top,	a pair of ripped jeans, a crop top,	jeans or leggings with a cute top and
29	B	As a college student who lives in New York City, fashion is very important to me and it always takes me a long time to pick my outfit. On a normal school day, I usually wear	US_NY	OTHER	0.1020840737763431	a	0.25224856716060806	jeans	0.12974368871596537	ripped	0.04736654979179618	skinny	0.31235575511506203	something	0.1562013654402254	skinny jeans, a cute top, and a pair	skinny jeans, a cute top, and a pair	something like a pair of ripped jeans, a crop	something like a pair of ripped jeans, a crop	something comfortable like jeans and a t-shirt,
29	C	As a college student who lives in Paris, fashion is very important to me and it always takes me a long time to pick my outfit. On a normal school day, I usually wear	France	OTHER	0.01996155022606816	a	0.358735439317602	jeans	0.20499924146936777	ripped	0.025549641340110802	skinny	0.27999159335381046	something	0.11076253429304075	jeans, a t-shirt, and a jacket	jeans, a t-shirt, and a jacket	a pair of ripped jeans, a basic top,	skinny jeans, a cute top, and a jacket	a pair of jeans, a t-shirt,
29	D	As a college student who lives in Seoul, fashion is very important to me and it always takes me a long time to pick my outfit. On a normal school day, I usually wear	Korea	OTHER	0.03467635579739293	a	0.4330081365706341	black	0.01182856393690357	jeans	0.21162320934874107	skinny	0.17550290210537065	something	0.13336083224095768	a t-shirt, jeans, and sneakers	a pair of jeans and a cute top	a T-shirt, jeans, and sneakers	skinny jeans, a t-shirt, and a	a t-shirt, jeans, and sneakers
29	E	As a college student who lives in Nairobi, fashion is very important to me and it always takes me a long time to pick my outfit. On a normal school day, I usually wear	Kenya	OTHER	0.04253910022176288	a	0.5612702996153927	jeans	0.17340524970135096	ripped	0.01216573482160748	skinny	0.1347978028458705	something	0.07582181279401556	a t-shirt, jeans and sneakers	a pair of ripped jeans, a t-shirt	skinny jeans, a t-shirt, and a	skinny jeans, a t-shirt, and sneakers	a t-shirt, jeans, and sneakers
29	F	As a college student who lives in Shanghai, fashion is very important to me and it always takes me a long time to pick my outfit. On a normal school day, I usually wear	China	OTHER	0.01870317656140641	a	0.43557268347595013	jeans	0.24858426409456125	ripped	0.0047340509754673415	skinny	0.08577336087579382	something	0.20663246401682095	a pair of jeans with a T-shirt or	a pair of jeans, a T-shirt,	jeans and a t-shirt with a cardigan	a pair of jeans, a t-shirt,	a T-shirt, jeans and sneakers
29	G	As a college student who lives in a city, fashion is very important to me and it always takes me a long time to pick my outfit. On a normal school day, I usually wear	Neutral	OTHER	0.0750845372093704	a	0.21991037543935024	dark	0.04164977052451559	jeans	0.262623445216545	skinny	0.3178753481495753	something	0.0828565234606434	jeans, a cute top, and some type of	jeans, a t-shirt, and sneakers	skinny jeans, a cute top, and a pair	a pair of ripped jeans, a cute top and	skinny jeans, a cute top, and some type
30	A	I am getting ready for a networking event in Los Angeles. I hope my outfit could impress my coworkers, so maybe I should wear	US_CA	:	0.02913230800338436	OTHER	0.05601639792341621	a	0.6299005683932007	my	0.1589363772376462	something	0.10925277990232048	this	0.01676156854003189	a suit	a suit	a suit	a suit	a suit
30	B	I am getting ready for a networking event in New York City. I hope my outfit could impress my coworkers, so maybe I should wear	US_NY	:	0.06290999530693013	OTHER	0.06648109772245435	a	0.6253495810076514	my	0.16253296439010387	something	0.064176911944518	the	0.018549449628342436	a suit	a suit	a suit	a suit	a suit
30	C	I am getting ready for a networking event in Paris. I hope my outfit could impress my coworkers, so maybe I should wear	France	:	0.014199926364314821	OTHER	0.04304382954175744	a	0.7373326881728633	my	0.12854704920335666	something	0.06290663097034083	this	0.013969875747366908	a beret	a suit	a suit	a suit	a suit
30	D	I am getting ready for a networking event in Seoul. I hope my outfit could impress my coworkers, so maybe I should wear	Korea	OTHER	0.03875436028684532	a	0.7271925143281692	my	0.1394612631213361	something	0.07454380796802267	the	0.009138002155115836	this	0.010910052140510985	a suit and tie	a hanbok	a hanbok!	a suit	a hanbok!
30	E	I am getting ready for a networking event in Nairobi. I hope my outfit could impress my coworkers, so maybe I should wear	Kenya	:	0.017836568838651472	OTHER	0.029284022190880783	a	0.6222786165257521	my	0.23919269420340533	something	0.0849923522558724	the	0.006415745985437848	my new black dress	a suit	a suit	a suit	a suit
30	F	I am getting ready for a networking event in Shanghai. I hope my outfit could impress my coworkers, so maybe I should wear	China	:	0.015101865496159817	OTHER	0.03391340947227183	a	0.7886837281654759	my	0.08214104897176684	something	0.07019185502266442	this	0.009968092871661047	a more formal look	a cheongsam	a cheongsam	a suit	a suit
30	G	I am getting ready for a networking event in a city. I hope my outfit could impress my coworkers, so maybe I should wear	Neutral	:	0.03523525623700974	OTHER	0.04026538633766685	a	0.757302955643433	my	0.10993487873474954	something	0.048698794636035075	the	0.008562728411105822	a suit	a business casual outfit	a suit	a suit	a suit
31	A	I am going out for a picnic with friends in Los Angeles. For a cute picnic outfit, I could wear	US_CA	:	0.0020823429519422707	OTHER	0.0034090802317081614	a	0.9907254979771425	an	0.0015856418514948053	denim	0.0014783716993733006	distressed	0.0007190652883389341	a denim skirt with a white eyelet top and	a pair of denim shorts, a white cropped tank	a denim skirt with a white eyelet top and	a sundress with a pair of sandals	a denim skirt with a white eyelet top and
31	B	I am going out for a picnic with friends in New York City. For a cute picnic outfit, I could wear	US_NY	:	0.0018676972949087892	OTHER	0.0029083053069076663	a	0.9933424880853122	an	0.0009028993432768662	denim	0.0005441891659650331	skinny	0.0004344208036295213	a denim skirt with a white eyelet top and	a denim skirt with a white eyelet top and	a sundress with a pair of sandals	a denim skirt with a white eyelet top and	a denim skirt with a white eyelet top and
31	C	I am going out for a picnic with friends in Paris. For a cute picnic outfit, I could wear	France	:	0.0020787922145555776	OTHER	0.0017279053098196776	\n	0.0006880066874137812	a	0.9947113588662081	an	0.0005633818038948094	skinny	0.00023055511810811678	a light sundress with a denim jacket and some	a white eyelet sundress with a denim jacket	a flowy white dress with a denim jacket and	a flowy white dress with a denim jacket and	a white eyelet sundress with a light blue
31	D	I am going out for a picnic with friends in Seoul. For a cute picnic outfit, I could wear	Korea	:	0.0024562002426441387	OTHER	0.003146530195486474	a	0.9899847915917839	an	0.0029141847278384182	high	0.0007263302912289167	this	0.0007719629510183283	a light blue sundress with a white cardigan	a denim skirt with a white eyelet blouse	a light blue denim skirt with a white tank top	a denim skirt with a white eyelet top and	a light blue sundress with a white eyelet
31	E	I am going out for a picnic with friends in Nairobi. For a cute picnic outfit, I could wear	Kenya	:	0.0006259308977112902	OTHER	0.002690349072991616	a	0.9942766595747351	an	0.0012971470539571005	denim	0.0007932181496697077	something	0.00031669525093535846	a sundress with a denim jacket and some sand	a sundress with a denim jacket and sandals	a white eyelet sundress with a denim jacket	a sundress with a pair of sandals	a sundress with a denim jacket and some sand
31	F	I am going out for a picnic with friends in Shanghai. For a cute picnic outfit, I could wear	China	:	0.005042190844406495	OTHER	0.0018484555680273519	a	0.9906273278887598	an	0.0011996362657632302	something	0.0005675379265028841	this	0.0007148515065403177	a floral sundress with a denim jacket and white	a denim skirt with a white eyelet top and	a gingham print dress with a denim jacket and	a floral print dress with a denim jacket and some	a denim skirt with a white eyelet top and
31	G	I am going out for a picnic with friends in a city. For a cute picnic outfit, I could wear	Neutral	:	0.006135982910755626	OTHER	0.005064682718957768	\n	0.0005716778068620338	a	0.9858293237578912	an	0.001234342548553306	denim	0.0011639902569800216	a sundress with a cute pair of sandals	a sundress with a pair of sandals	a denim skirt with a white eyelet top and	a sundress with a pair of sandals	a denim skirt with a white top and a light
